System,Organ
Endocrine system,Adrenal glands
Digestive system,Anus
Digestive system,Appendix
Circulatory system,Arteries
Urinary system,Bladder
Lymphatic system,Bone marrow
Musculoskeletal system,Bones
Nervous system,Brain
Respiratory system,Bronchi
Reproductive systems,Bulbourethral glands
Circulatory system,Capillaries
Nervous system,Cerebellum
Reproductive systems,Cervix
Reproductive systems,Clitoris
Digestive system,Colon
Respiratory system,Diaphragm
Nervous system,Ears
Digestive system,Esophagus
Nervous system,Eyes
Reproductive systems,Fallopian tubes
Digestive system,Gallbladder
Reproductive systems,Genitals
Integumentary system,Hair follicle
Circulatory system,Heart
Nervous system,Hypothalamus
Lymphatic system,Interstitium
Musculoskeletal system,Joints
Urinary system,Kidneys
Digestive system,Large intestine
Respiratory system,Larynx
Musculoskeletal system,Ligaments
Digestive system,Liver
Respiratory system,Lungs
Lymphatic system,Lymph Nodes
Lymphatic system,Lymphatic vessel
Integumentary system,Mammary glands
Digestive system,Mesentery
Digestive system,Mouth
Integumentary system,Nails
Respiratory system,Nasal cavity
Nervous system,Nerves
Nervous system,Nose
Reproductive systems,Ovaries
Digestive system,Pancreas
Endocrine system,Parathyroid glands
Reproductive systems,Penis
Respiratory system,Pharynx
Endocrine system,Pineal gland
Endocrine system,Pituitary gland
Reproductive systems,Placenta
Reproductive systems,Prostate
Digestive system,Rectum
Digestive system,Salivary glands
Reproductive systems,Scrotum
Reproductive systems,Seminal vesicles
Musculoskeletal system,Skeletal Muscles
Integumentary system,Skin
Digestive system,Small intestine
Nervous system,Spinal Cord
Lymphatic system,Spleen
Digestive system,Stomach
Integumentary system,Subcutaneous tissue
Digestive system,Teeth
Musculoskeletal system,Tendons
Reproductive systems,Testes
Lymphatic system,Thymus Gland
Endocrine system,Thyroid
Digestive system,Tongue
Lymphatic system,Tonsils
Respiratory system,Trachea
Urinary system,Ureters
Urinary system,Urethra
Reproductive systems,Uterus
Reproductive systems,Vagina
Reproductive systems,Vas deferens
Circulatory system,Veins
Reproductive systems,Vulva